{"MusicVolume":0.18663761019706727,"SoundsVolume":0.5040872097015381}