{"MusicVolume":0.44765499234199526,"SoundsVolume":0.7117475867271423}