{"Red":0.34550198912620547,"Green":0.5098094344139099,"Blue":0.6136215329170227}