{"Red":0.3610335886478424,"Green":0.40599334239959719,"Blue":0.19265545904636384}